questions,answers
Qu’est-ce que la nouvelle grippe A(H1N1) ?,"Il s’agit d’une grippe causée par un nouveau virus A(H1N1) qui n’avait jamais circulé
auparavant chez l’homme. Ce virus n’est lié à aucun virus ancien ou actuel de la grippe
saisonnière."
Comment les gens contractent-ils le virus ?,"Le virus se transmet d’homme à homme aussi facilement que celui de la grippe saisonnière normale, lorsque des personnes infectées toussent ou éternuent et que les gouttelettes infectées sont inhalées ou contaminent les mains ou des surfaces.
Pour prévenir la propagation de la maladie, les personnes malades doivent se couvrir le nez et la bouche lorsqu’elles toussent ou éternuent, rester chez elles si elles ne se sentent pas bien, se laver les mains régulièrement et se tenir autant que possible à l’écart des personnes bien portantes.
On n’a connaissance d’aucun cas d’infection humaine consécutive à une exposition à des porcs ou à d’autres animaux."
Quels sont les signes ou les symptômes d’infection ?,"Les premiers signes de la grippe A(H1N1) sont de type grippal: fièvre, toux, maux de tête, douleurs musculaires et articulaires, maux de gorge et écoulements nasals, parfois accompagnés de vomissements ou de diarrhée."
"Pourquoi est-on si préoccupé par l’éventualité de cette pandémie, alors que des centaines de milliers de personnes meurent chaque année des épidémies saisonnières ?","Les épidémies saisonnières de grippe se produisent chaque année et le virus change tous les ans, mais beaucoup de gens possèdent une certaine immunité contre le virus circulant, ce qui permet de limiter les infections. Pour éviter que les gens ne tombent malades et ne décèdent, certains pays utilisent également les vaccins contre la grippe saisonnière. Mais le virus grippal A(H1N1) est nouveau, la plupart des gens ne sont pas ou sont peu immunisés contre celui-ci et il pourrait donc provoquer davantage d’infections que la grippe saisonnière. Un vaccin sûr et efficace est actuellement mise au point par plusieurs laboratoires pharmaceutiques, il serait disponible à partir des mois de novembre décembre. La nouvelle grippe A(H1N1) semble aussi contagieuse que la grippe saisonnière et le virus se propage rapidement, notamment chez les jeunes (de 10 à 45 ans). Les manifestations de la maladie peuvent aller de symptômes très bénins jusqu’à des affections graves pouvant entraîner la mort. La majorité des personnes qui contractent le virus sont atteintes de la forme bénigne de la maladie et guérissent sans traitement antiviral ni soins médicaux. Parmi les cas plus graves, plus de la moitié des personnes hospitalisées souffraient de pathologies sous-jacentes ou avaient un système immunitaire affaibli. La plupart des gens sont atteints d’une forme bénigne de la maladie et guérissent chez eux."
Quand faut-il consulter un médecin ?,"Il faut consulter un médecin en cas de difficultés respiratoires ou si la fièvre persiste plus de trois jours. Les parents doivent consulter un médecin si leur enfant respire rapidement ou difficilement, s’il a de fièvre de façon constante ou s’il a des convulsions. Dans la plupart des cas, il suffit que le malade reste chez lui, se repose, boive beaucoup de liquide et prenne un antalgique pour soulager les douleurs (chez l’enfant et le jeune adulte, il faut utiliser un antalgique sans aspirine en raison du risque de syndrome de Reye.)"
Que puis-je faire pour éviter de contracter la grippe A(H1N1)?,"La principale voie de transmission du nouveau virus grippal A(H1N1) semble être la même que celle de la grippe saisonnière, à savoir via des gouttelettes respiratoires émises lorsqu’on parle, qu’on éternue ou qu’on tousse. On peut se prémunir contre l’infection en évitant un contact rapproché avec des personnes présentant des symptômes de type grippal (en essayant dans la mesure du possible de maintenir une distance d’environ 1 mètre) et en prenant les mesures qui suivent :

Éviter de se toucher le nez et la bouche;
Se laver soigneusement les mains à l’eau et au savon ou avec une solution hydroalcoolique, et ce régulièrement (surtout si l’on se touche le nez ou la bouche ou si l’on touche des surfaces potentiellement contaminées);
Eviter un contact rapproché avec des personnes qui pourraient être malades;
Réduire, dans la mesure du possible, le temps passé dans des endroits bondés;
Bien aérer l’endroit où l’on vit en ouvrant les fenêtres;
Avoir une bonne hygiène de vie, à savoir dormir suffisamment, s’alimenter correctement et conserver une activité physique."
Qu’en est-il du port du masque? Que recommande l’OMS?,"Si vous n’êtes pas malade, il n’est pas nécessaire de porter un masque.
Si vous vous occupez d’une personne malade, vous pouvez porter un masque lorsque vous êtes auprès d’elle, le jeter immédiatement après et vous nettoyer soigneusement les mains ensuite.
Si vous êtes malade et que vous devez partir en voyage ou être au milieu d’autres gens, portez un masque couvrant le nez et la bouche.
Il est indispensable en toute situation d’utiliser correctement les masques. Leur mésusage peut en réalité augmenter les risques de propagation de l’infection."
Comment savoir si j’ai la grippe A(H1N1)?,"Il est impossible de faire la différence entre la grippe saisonnière et la grippe A(H1N1) sans aide médicale. Les symptômes typiques à rechercher sont les mêmes que pour les virus saisonniers : fièvre, toux, céphalées, douleurs musculaires et articulaires, maux de gorge et écoulement nasal. Seuls votre médecin et les autorités de santé locales peuvent confirmer un cas de grippe A(H1N1)."
Est-ce qu’une personne physique soumise à l’impôt sur le revenu selon le régime forfaitaire dans la catégorie des « bénéfices industriels et commerciaux » est soumise à la TFP?,Les personnes physiques soumises à l'impôt sur le revenu selon le régime forfaitaire d'imposition ne sont pas soumises à la TFP.
Est-ce que les rémunérations du gérant d’une société unipersonnelle à responsabilité limitée sont déductibles ?,"Les rémunérations du gérant d'une SUARL sont déductibles pour la détermination de l'assiette soumise à l'IS. La déduction se limite aux montants et à la valeur des avantages accordés au gérant en contrepartie de son activité au sein de la société en sa dite qualité, à condition qu'ils ne soient pas exagérés."
"Si l’employeur refuse l’application de l’article 26 de la loi de finances complémentaire pour l’année 2015, est ce que le salarié peut bénéficier de la déduction des intérêts de la base de l’impôt annuel lors du dépôt de sa déclaration?",La déduction aura lieu du revenu global lors du dépôt de la déclaration annuelle de l'impôt dû.
Quel est le taux de la retenue à la source à appliquer sur une facture de service rendu au profit d’une société totalement exportatrice ?,Les montants égaux ou supérieurs à 1000 D TTC payés par les sociétés totalement exportatrices en contrepartie de services nécessaires à leur activité sont soumis à la retenue à la source au taux de 0.5%.
Est-ce que les associations sont soumises à l’IS ?,"Les associations sont hors champ d'application de l'impôt sur les sociétés, mais ce dernier s'applique à celles qui n'exercent pas leur activité conformément à la législation les régissant."
Quel est le taux d’amortissement des frais préliminaires ?,Les taux maximum des amortissements linéaires relatifs aux frais préliminaires sont fixés par le décret n°2008-492 du 25 février 2008 à 100%.
Quels sont les droits d’enregistrement d’un contrat de location d’un local à usage commercial?,"Les baux de biens immeubles autres que ceux destinés à l'habitation sont enregistrés au taux proportionnel fixé à 1% du prix total du bail, déclaré dans le contrat."
Quel est le taux de retenue à la source applicable sur les jeux de pari?,"Le taux de retenue à la source applicable sur les revenus réalisés des jeux de pari, de hasard et de loterie est de 25 %."
Quelles sont les mentions obligatoires qui doivent être portées au bon de sortie ?,"Le bon de sortie doit comporter la nature et la quantité des marchandises transportées, sa date d'émission, ainsi que le numéro d'immatriculation du moyen de transport. (paragraphe III article 18 du code de la TVA)."
Quelles sont les obligations déclaratives d’une personne physique ayant des bénéfices industriels et commerciaux (BIC) soumise au régime forfaitaire?,"- Dépôt d'une déclaration d'existence, avant d'entamer l'activité (art 56 du code de l'IRPP et de l'IS) 

- Dépôt de la déclaration annuelle de l'impôt 

- Déclaration trimestrielle relative à la retenue à la source et au FOPROLOS 

- Déclaration d'employeur."
Quel est le délai de paiement de la taxe de circulation pour les véhicules automobiles portant des numéros d'immatriculation pairs ?,Jusqu'au 5 mars pour les véhicules automobiles portant des numéros d'immatriculation pairs et appartenant à des personnes physiques.
"En 2016, quel est le pourcentage de chiffre d’affaires qu’une entreprise totalement exportatrice industrielle peut écouler sur le marché local ?","En 2016, les entreprises totalement exportatrices industrielles peuvent écouler localement une partie de leur production dans la limite de 30% de leur chiffre d'affaires à l'exportation départ usine réalisé durant l'année civile précédente (article 16 du code d'incitation aux investissements)."
Quelles sont les obligations déclaratives avant de commencer l'activité ?,"Toute personne physique ou morale exerçant une activité industrielle commerciale artisanale ou de service ou exerçant une profession non commerciale doit avant de commencer l’activité se faire connaître auprès des services fiscaux au moyen d’une déclaration dite déclaration d’existence (article 56 du code d’impôt sur le revenu des personnes physiques et de l’impôt sur les sociétés). 
Cette déclaration doit être déposée auprès :"
Quelles sont les obligations déclaratives des personnes soumises au régime forfaitaire en cours d'activité ?,"Les personnes soumises au régime forfaitaire doivent déposer :

Premièrement : une déclaration mensuelle au titre de la retenue à la source, la contribution au FOPROLOS si elles sont employeur,
	Deuxièmement : des déclarations au titre des trois acomptes provisionnels,
	une déclaration annuelle au titre de l'impôt sur le revenu et des taxes revenant aux collectivités locales,
Les personnes soumises au régime réel ou au régime réel simplifié doivent déposer :"
Quelles sont les obligations déclaratives à la fin de l'activité ?,"Toute personne physique ou morale doit à la fin de l'activité déposer une déclaration de cessation dans un délai de 15 jours à partir de la date de la cession ou de la fermeture définitive de l'entreprise avec paiement des droits dus.
La cessation n'est prononcée qu'après vérification fiscale pour la période non prescrite."
Quels sont les documents à joindre à la déclaration annuelle des personnes physiques soumises au régime réel et des personnes morales?,"Les personnes physiques soumises au régime réel et des personnes morales doivent fournir à l'appui de leur déclaration annuelle :

les états financiers ,
	un tableau de détermination du résultat fiscal à partir du résultat comptable ,
	un relevé détaillé des amortissements ,
	un relevé détaillé des provisions,
	un relevé détaillé des dons et subventions accordés indiquant l'identité des bénéficiaires et les montants qui leur ont été accordés ."
Quelles sont les obligations relatives aux factures et aux titres de mouvement prévues par la législation fiscale?,Les assujettis à la taxe sur la valeur ajoutée soumis au régime réel sont tenus :
Quelles sont les obligations comptables des personnes soumises au régime réel?,"Les personnes morales ainsi que les personnes physiques soumises à l'impôt sur le revenu au titre des bénéfices industriels et commerciaux selon le régime réel sont assujetties à la tenue d’une comptabilité conforme à la législation comptable des entreprises. 
Les personnes qui tiennent leur comptabilité sur ordinateur doivent :"
Quelles sont les obligations comptables des personnes physiques bénéficiaires du régime forfaitaire de détermination du revenu au titre des revenus non commerciaux et fonciers?,"Elles doivent tenir un registre côté et paraphé par les services des impôts sur lequel sont portées au jour le jour, les recettes et les dépenses."
Quelles sont les obligations comptables des personnes soumises au régime réel simplifié?,"Les personnes physiques soumises à l'impôt sur le revenu au titre des bénéfices industriels et commerciaux selon le régime réel industriels et dont le chiffre d'affaires annuel n'excède pas 100.000 dinars, doivent tenir :

un registre côté et paraphé par les services du contrôle fiscal sur lequel sont portés au jour le jour les recettes brutes et les charges sur la base des pièces justificatives,
	un livre d'inventaire côté et paraphé par les services du contrôle fiscal où sont enregistrés annuellement les immobilisations et les stocks"
Quelles sont les obligations comptables des personnes physiques bénéficiaires du régime forfaitaire d'imposition en matière de bénéfices industriels et commerciaux?,Elles doivent tenir un registre côté et paraphé par les services des impôts sur lequel sont portées les recettes et les dépenses.
Quelle est la date de prescription pour les vignettes ?,"Les omissions et les erreurs constatées dans la liquidation des taxes de circulation sur les véhicules automobiles peuvent être réparées jusqu'à l'expiration de la 4ième année civile qui suit l'année civile au cours de laquelle l'impôt est dû tant qu'il n'a pas été prouvé que le véhicule est hors usage, et ce suite à la présentation d'une attestation délivrée par les services du ministère chargé du transport justifiant que le véhicule est hors d'usage ou un document justifiant sa non circulation délivrée par les services compétents."
Quelles sont les conditions de restitution des droits d’enregistrement au titre de l’achat de terres agricoles réalisés dans une activité concourant au développement agricole?,Toute déclaration d'investissement dans l'agriculture ouvre droit au remboursement des droits de mutation acquittés lors de l'achat des terres agricoles objet de l'investissement à condition de justifier le commencement des travaux relatifs audit investissement par une attestation délivrée par les services concernés de l'APIA. Ce droit est prescrit une année après la date de dépôt de déclaration d'investissement. (article 30 du CII).
Quels sont les droits d’enregistrement exigibles pour l’acquisition de terrains destinés à la construction d’immeubles individuels à usage d’habitation?,"Les acquisitions de terrains destinés à la construction d'immeubles individuels à usage d'habitation sont enregistrées aux droits progressifs suivants:
-jusqu'à 120 m² : 1 %
-de 120,001 m² à 300m² : 2 %
-de 300,001 m² à 600 m² : 3 %
-au delà de 600 m² : 5 %"
Quels sont les droits d’enregistrement exigibles pour l’acquisition d’habitation auprès d’un promoteur immobilier?,L'enregistrement du contrat d'acquisition de logements construits par un promoteur immobilier est soumis au droit proportionnel réduit de 3%.
Quels sont les droits d’enregistrement exigibles sur les annexes des contrats de marché?,"Les annexes des contrats de marché comportant augmentation de la valeur du marché sont soumises aux mêmes formalités relatives à l'enregistrement des marchés (droit d'enregistrement fixé à 0,5% et exonération des droits de timbre) et les autres annexes sont soumises à 20 dinars par annexe."
Quels sont les droits d’enregistrement exigibles sur un contrat de location d’immeuble à usage professionnel?,Les baux de biens immeubles autres que ceux destinés à l'habitation sont enregistrés au taux proportionnel fixé à 1% du montant du loyer sans dépasser le loyer annuel.
Doit-on présenter sa comptabilité aux agents de l'administration fiscale?,"Oui, la comptabilité, les registres ainsi que les programmes, logiciels et applications informatiques utilisés pour l'arrêté des comptes et l'établissement des déclarations fiscales doivent être communiquées aux agents de l'administration fiscale dans les cas suivants :

à leur demande et dans le cas d'une vérification fiscale approfondie,
	sur place et ce dans le cadre de l'exercice du droit de communication ."
Quelle est la durée de conservation de la comptabilité?,Les registres et les documents comptables doivent être conservés pendant une période qui ne peut être inférieure à dix ans.
"En quoi consiste la vérification préliminaire des déclarations, actes et écrits?","Cette vérification a pour but de rectifier les erreurs apparentes entachant les déclarations et ce sur la base des renseignements et documents dont dispose l'administration. Elle se déroule dans les bureaux de l'administration et ne nécessite pas l'information préalable du contribuable. Elle peut porter sur une ou plusieurs déclarations ,un ou plusieurs impôts; elle ne met pas obstacle à une vérification ultérieure approfondie."
Quelles sont les garanties offertes au contribuable lors d'une vérification préliminaire?,"Le contribuable informé par écrit des résultats de la vérification préliminaire, bénéficie d'un délai de trente jours à compter de la date de la notification des résultats de la vérification pour formuler ses observations . Il peut se faire assister par un conseil de son choix ou se faire représenter à cet effet par un mandataire conformément à la loi."
En quoi consiste la vérification approfondie de la situation fiscale du contribuable?,La vérification approfondie de la situation fiscale porte sur tout ou partie de la situation fiscale du contribuable. Elle est subordonnée à la notification d'un avis préalable au contribuable dans un délai minimum de 15 jours avant son commencement.
Comment se déclenche la vérification approfondie de la situation fiscale ?,"La vérification approfondie commence dans un délai qui ne peut être inférieur à 15 jours à partir de la date de la notification de l'avis de vérification qui doit mentionner notamment, les impôts et les années concernées par la vérification."
Quelle est la période vérifiable?,"L'administration peut procéder à la vérification des impôts dans la limite des délais de prescription qui suivent :

4 ans pour les impôts déclarés,
	10 ans en cas de défaut de déclaration de l'impôt,
	10 ans pour les droits de timbre dans tous les cas."
"Dans quel cas l'administration fiscale, a-t-elle le droit de vérifier une période prescrite ?","L'administration fiscale, a le droit de vérifier une période prescrite dans les cas suivants : 
• imputation de déficits reportés, • ou des amortissements différés, • ou de crédits d'impôt provenant des années prescrites et qui ont des effets sur les résultats ou sur le montant de l'impôt déclaré au titre des années non prescrites. Toutefois, la vérification des années prescrites ne peut, en aucun cas, aboutir à la réclamation d'un impôt supplémentaire au titre des périodes prescrites."
Quels sont les agents habilités à procéder à la vérification fiscale?,"La vérification approfondie est effectuée par les agents de l'administration fiscale qui remplissent les conditions suivantes :

être assermenté
	présenter sa carte professionnelle et une copie de l'avis de vérification, avant toute opération de vérification."
Par qui le contribuable peut-il se faire assister ou représenter lors d'une vérification fiscale approfondie?,"Le contribuable peut, à l'occasion de l'opération de vérification approfondie, se faire assister par une personne de son choix ou se faire représenter par un mandataire conformément à la loi."
Où se déroule la vérification fiscale approfondie?,"La vérification fiscale approfondie s'effectue dans les locaux de l'entreprise ou dans les bureaux de l'administration. Dans le dernier cas, les échanges des registres et documents se font contre récépissés."
Quelle est la durée de la vérification fiscale approfondie?,La durée de la vérification ne doit pas dépasser 6 mois à partir de la date du commencement effectif de la vérification lorsque la vérification s'effectue sur la base d'une comptabilité et une année dans les autres cas.
La vérification fiscale approfondie peut-elle être interrompue?,"Oui, à l'initiative de l'administration fiscale ou à la demande écrite et motivée du contribuable, et ce pour une durée ne dépassant pas 60 jours. Ne sont pas prises en compte pour le calcul de la durée de la vérification, les interruptions intervenues pour des motifs attribués au contribuable ou à l'administration et ayant fait l'objet de correspondances."
Comment est clôturée la vérification fiscale approfondie?,"La vérification approfondie est clôturée par la notification au contribuable, par écrit, des redressements relatifs à sa situation fiscale et ce par les agents de l'administration fiscale, ou par lettre recommandée avec accusé de réception, ou par officiers des services financiers ou par huissiers-notaire. La notification comporte notamment :"
Quelles sont les conséquences de l’opposition par ecrit du contribuable aux résultats de la vérification ?,Lorsque le contribuable formule par écrit son opposition aux résultats de la vérification fiscale dans les délais légaux :
L'administration est-elle en droit de vérifier de nouveau un contribuable vérifié?,La vérification approfondie est en principe définitive. Elle peut être exceptionnellement reprise pour la même période et pour les mêmes impôts en cas d'obtention de renseignements touchant à l'assiette et à la liquidation de l'impôt et dont l'administration n'a pas eu connaissance lors de la première vérification .
Quelles sont les conséquences de la notification des résultats de la vérification fiscale?,"La notification des résultats de la vérification interrompt la prescription.
La notification au contribuable des résultats de la vérification approfondie peut aboutir à:"
L'administration est-elle en droit de vérifier de nouveau un contribuable vérifié?,La vérification approfondie est en principe définitive. Elle peut être exceptionnellement reprise pour la même période et pour les mêmes impôts en cas d'obtention de renseignements touchant à l'assiette et à la liquidation de l'impôt et dont l'administration n'a pas eu connaissance lors de la première vérification .
Peut-on se faire restituer les impôts payés en trop?,"Oui ,les montants payés en trop peuvent être restitués dans un délai maximum de 3 ans à compter de la date à partir de la quelle l'impôt est devenu restituable , et au plus tard dans un délai de 5 ans à partir de la date du recouvrement."
Quelles sont les formalités à suivre pour se faire restituer les impôts payés en trop?,"La restitution du trop perçu nécessite :

la présentation d’une demande écrite et motivée auprès des services de l'administration fiscale,
	la justification du dépôt des déclarations échues à la date de la demande."
Quel est le délai de réponse de l'administration aux demandes en restitutions?,"Delai gènéral : 6 mois à compter de la date de la demande .
Delai en matière de TVA:"
Peut-on suspendre l'exécution de l'arrêté de taxation d'office?,L'exécution de l'arrêté est suspendue :
Quelles sont les procédures d'opposition à l'arrêté de taxation d'office?,"L'opposition à l'arrêté de taxation d'office s'effectue dans un délai de 60 jours à compter de la date de la notification de l'arrêté, et ce, devant le tribunal de première instance dans la circonscription duquel se trouve le service de l'administration fiscale en charge du dossier,
	l'acceptation de l'opposition n'est pas conditionnée par le paiement de 20% du montant de l'impôt en principal objet de l'opposition ou par la production d'une caution bancaire pour le même montant."
Quel est le champ d'application du contentieux relatif à l'assiette de l'impôt ?,"Le contentieux relatif à l'assiette de l'impôt couvre :

l'opposition contre les arrêtés de taxation d'office,
	l'opposition contre la réponse de l'administration aux demandes de restitution,
	l'opposition contre les décisions de l'administration relatives au retrait du régime forfaitaire."
Quelles sont les procédures devant le tribunal de première instance en matière fiscale?,"le contentieux fiscal est soumis aux procédures prévues par le code de procédure civile et commerciale et aux procédures particulières prévues par le code des droits et procédures fiscaux, et qui sont notamment :"
Peut-on transiger en matière fiscale?,"Les infractions fiscales pénales peuvent faire l'objet de transaction avant le prononcé d'un jugement définitif, et ce, à l'exclusion des infractions relatives à la contre façon ou la falsification des timbres et des marques de l'Etat et au respect du secret professionnel."
Est ce qu’une société ayant pour activité l’élevage des animaux est soumise à la TCL?,Toutes les personnes morales soumises à l'impôt sur les sociétés sont soumises à la TCL.
Les logements de fonction sont ils soumis à la taxe sur les immeubles bâtis ?,"Les immeubles à usage d’habitation mis à la disposition des salariés sont soumis à la taxe sur les immeubles bâtis. Toutefois, les immeubles appartenant à l’Etat, aux établissements publics à caractère administratif ou aux collectivités locales et mis à la disposition des fonctionnaires gratuitement sont exonérés de ladite taxe"
Les terrains non bâtis appartenant aux promoteurs immobiliers sont-ils soumis à la taxe sur les terrains non bâtis ?,"Sont soumis à la taxe sur les terrains non bâtis les terrains non bâtis situés dans les zones relevant des collectivités locales. L’article 32 du code de la fiscalité locale a prévu l’exonération de cette taxe notamment, des terrains non bâtis situés dans les zones industrielles, d’habitation, de tourisme et dans les zones à usage artisanal ou professionnel et lotis conformément à la législation et à la réglementation en vigueur tant qu’ils n’ont pas fait l’objet de cession par le lotisseur."
Une société totalement exportatrice est elle soumise à la taxe sur les immeubles bâtis pour les locaux loués destinés à l’exercice de son activité ?,"Conformément à l’article 12 du code d’incitation aux investissements ,les sociétés totalement exportatrices sont soumises notamment à la taxe d’entretien et d’assainissement qui a été remplacé en vertu de l'article 5 de la loi de promulgation du code de la fiscalité locale par la taxe sur les immeubles bâtis."
"Quelles sont les personnes redevables de la taxe sur les établissements à caractère industriel, commercial ou professionnel (TCL)?","Sont soumises à la TCL notamment :

les personnes physiques soumises à l’impôt sur le revenu au titre des bénéfices industriels et commerciaux et des bénéfices des professions non commerciales,
	 les personnes morales soumises à l’impôt sur les sociétés,
	 les groupements d’intérêts économiques, les sociétés de personnes et les associations en participations exerçant une activité commerciale ou une profession non commercia"
Comment est calculée la TCL en cas de réalisation d’un déficit au cours d’un exercice ?,En cas de réalisation d’un déficit appuyé par une comptabilité conforme à la législation comptable des entreprises la « TCL » due au titre de l’année qui suit l’année de réalisation du déficit est calculée sur la base de 25% du minimum de l’impôt sur le revenu ou de l’impôt sur les sociétés prévus par les articles 44 et 49 du code de l’impôt sur le revenu des personnes physiques et de l’impôt sur les sociétés. Sachant que le résultat pris en compte est le résultat fiscal et non comptable.
Comment est calculée le minimum de la « TCL » en cas d’exercice de deux ou plusieurs activités dans un même immeuble?,"Le minimum de la TCLest dû par chaque personne exerçant une activité soumise à ladite taxe. Il s'ensuit qu'en cas d'exercice de deux ou plusieurs activités dans le même local, chaque personne exerçant une activité soumise à la TCLest redevable du minimum de ladite taxe. Ce minimum est calculé pour chaque activité sur la base de toute la superficie couverte de l'immeuble en question."
"Quels sont les services pris en compte pour le calcul de la taxe sur les immeubles bâtis et du minimum de la taxe sur les immeubles à caractère industriel, commercial ou professionnel?","Les services pris en compte pour le calcul de la taxe sur les immeubles bâtis et le minimum de la TCL sont :

le nettoiement,
	l’existence de l’éclairage public,
	l’existence de chaussées goudronnées,
	l’existence du dallage des trottoirs,
	l’existence de réseaux d’évacuation des eaux usées,
	l’existence de réseaux d’évacuation des eaux pluviales."
Quelles sont les modalités du calcul de la taxe sur les terrains non bâtis?,"La taxe sur les terrains non bâtis peut être calculée soit :
Sur la base de la valeur vénale réelle :

Dans ce cas la taxe est égale à 0,3% de la valeur vénale réelle des terrains non bâtis.
	Ladite valeur est fixée sur la base du prix déclaré dans le contrat de vente.
Sur la base d'une taxe de référence fixée par décret:"
Est-ce que les collectivités locales qui abritent des établissements relevant d'entreprises situées dans d’autre collectivités locales peuvent avoir une quote part de la TCL ?,"Pour les entreprises dont l’activité s’étend sur plusieurs collectivités locales, la TCLest répartie entre les collectivités locales concernées et ce sur la base de la superficie couverte de chaque établissement situé à l’intérieur de chaque collectivité avec un minimum égal à la taxe sur les terrains non bâtis de l'immeuble situé dans la collectivité locale concernée."
Quel est le taux de la retenue à la source au titre de la TVA applicable sur les marchés publics ?,"Les services de l'Etat sont tenus d'effectuer une retenue au taux de 25 % ( à partir du 1ier janvier 2016) sur le montant de la TVA applicable aux montants égaux ou supérieurs à 1000 DT y compris la TVA payée au titre de leurs acquisitions de marchandises, de matériels, de biens d'équipements, de services, des immeubles et de fonds de commerce."
Quel est le régime en matière de TVA des écoles privées ?,Les écoles privées sont soumises à la TVA au taux de 6 % à partir du 1er septembre 2016 et il faut s'adresser au bureau de contrôle compétent pour mettre à jour la patente.
Quelle est la date limite de dépôt de la liste des factures d’achat relative aux bons de commande utilisés durant le 2ième trimestre pour une société totalement exportatrice ?,"La date limite est le 28ième jour qui suit le trimestre civil, en l'occurrence : le 28 juillet"
Est-ce que les factures d’avoir doivent être déclarées dans les déclarations mensuelles de TVA?,"L'obligation des assujettis de joindre à leur déclaration mensuelle un état indiquant La TVA perçue à l'occasion d'affaires qui sont, par la suite, résiliées ou annulées, a été abrogée par l'article 89 de la loi de finances pour l'année 2014."
Quelle est la date d’effet d’assujettissement à la TVA au taux de 6 % des écoles privées?,Les services de l'enseignement et les services connexes sont soumis à la TVA au taux de 6 % à partir du 1er septembre 2016.
Quel est le taux de la retenue à la source à appliquer sur la TVA relative aux montants supérieurs à 1000 DT payés par les services de l’Etat à partir du 01/01/2016?,"Les services de l'Etat, des collectivités locales, des entreprises et établissements publics sont tenus d'effectuer une retenue à la source au taux de 25% sur le montant de la TVA applicable aux montants égaux ou supérieurs à 1000 dinars y compris la TVA , au titre de leurs acquisitions de marchandises, matériels, biens d'équipements, services, immeubles et fonds de commerce et ce à partir du 01/01/2016. (article 19 bis du code de la TVA)."
Est-ce que la vente d’un terrain non lotis par un promoteur immobilier est soumise à la TVA ?,"Toutes les ventes des terrains lotis ou non lotis par les promoteurs immobiliers sont soumises à la TVA au taux de 18%, et ce, sur la base du prix de vente tous frais, droits et taxes inclus à l'exclusion de la TVA. (NC17/2016)."
Est-ce que la rétribution provisoire ou accidentelle est imposable ?,"Toute rétribution provisoire ou accidentelle servie en sus du traitement et des indemnités régulières par le même employeur est soumise à une retenue sur son montant net, en fonction du traitement annuel imposable à l'impôt sur le revenu (paragraphe II de l'article 53 du code de l'IRPP et de l'IS)."
Quelle est la base d’imposition à la TFP ?,"La TFP est due mensuellement sur la base du montant global des traitements, salaires y compris les avantages en nature avant toute déduction de retenue que ce soit au titre des cotisations sociales"
Quel serait la base de calcul de la TCL pour une société totalement exportatrice enregistrant une perte justifiée par une comptabilité conforme à la législation ?,"En cas d'enregistrement d'une perte justifiée par une comptabilité conforme à la législation comptable des entreprises, la TCL est due aux taux de 25% du minimum d'impôt dû sur le chiffre d'affaires."
Quel est le fait générateur de la TVA en cas de vente de marchandises (cas des commandes successives)?,"Pour les ventes, le fait générateur de la TVA est constitué par la livraison de la marchandise. (article 5 du code de la TVA). Lorsqu'il s'agit de commandes successives, le fait générateur de la TVA est la livraison matérielle de la marchandise, et ce sans que le fait générateur ne soit postérieur à la date de la facture."
Est-ce que les associations sont soumises à la TVA ?,"Les affaires à caractère philanthropique effectuées par les associations sont exonérées de la TVA (NC 14/2016), tandis que les autres opérations telles que les activités à caractère concurrentiel restent soumises à la TVA. Par conséquent, les associations sont considérées comme des assujettis partiels à la TVA."
Quel est le taux de la TVA applicable aux médicaments et aux produits pharmaceutiques pour un pharmacien ?,"Les médicaments et les produits pharmaceutiques sont soumis à la TVA au taux de 6 % à partir du 1ier janvier 2016 (paragraphe I point 4 du tableau « B » nouveau annexé au code de la TVA), à l'exclusion des médicaments n'ayant pas de similaires fabriqués localement relatifs aux positions tarifaires 30.03 et 30.04 qui bénéficient de la suspension de la TVA."
Quelle est la base de l’acompte provisionnel en cas de majoration du minimum d’impôt de 50 % ?,"Conformément aux articles 44 et 49 du code de l'IRPP et l'IS, le minimum d'impôt est majoré de 50% en cas de paiement après 30 jours de l'expiration des délais légaux. Cette majoration constitue un impôt et non pas des pénalités de retard et par voie de conséquence, elle fait partie de la base de calcul des acomptes provisionnels."
Quel est le taux de la TVA applicable à l’activité d’ingénieur conseil ?,Les services rendus par les ingénieurs conseils sont soumis à la TVA au taux de 12 % (II -3 du Tableau « B bis » nouveau annexé au code de la TVA).
Quels sont les secteurs soumis à la TVA ?,La TVA s’applique :
Peut-on opter pour le régime de la TVA ?,"Peuvent opter pour le régime de la TVA :

les personnes physiques soumises à l’IRPP selon le régime forfaitaire (bénéfices  industriels et commerciaux) ;
	les personnes exerçant une activité située hors champ d’application de la TVA.
	 les personnes exerçant une activité exonérée de la TVA et ce au titre des produits destinés à :
	l’exportation ;
	l’approvisionnement  des assujettis à la TVA."
Est-ce que les assujettis à la TVA par option peuvent bénéficier d’un crédit de départ au titre des biens détenus à la date de l’option ?,Les assujettis à la TVApar option bénéficient d’un crédit de départ égal :
Les opérations de ventes de biens par un importateur avant le dédouanement sont-elles imposables à la TVA?,L’opération de cession à quai des marchandises avant l’accomplissement des formalités douanières n’est pas soumise à la TVA au niveau du cédant. C’est l’acquéreur qui supporte les droits et taxes dus à l’importation  y compris la TVA à l’occasion du dédouanement des biens objet de la cession.
Dans quels cas les services sont imposables à la TVA en Tunisie?,Les services sont imposables à  la TVA  s’ils sont exploités ou utilisés en Tunisie nonobstant le lieu  de leur  réalisation.
Les suppléments de prix pour paiement à terme font-t-ils partie de l’assiette de la TVA ?,"La TVA s’applique sur le prix principal et toutes les charges augmentatives du prix. A titre d’exemple , les intérêts pour paiement à terme ou pour retard de payement portés ou non sur la facture, arrêtés lors de la vente ou postérieurement font partie intégrante de l'assiette  taxable."
Les frais et taxes avancés par un huissier notaire au nom et pour le compte de son client font- ils partie de l’assiette de la TVA ?,"Le chiffre d’affaires du huissier notaire comprend le prix des prestations de services y compris tous les frais, droits et taxes ainsi que la valeur des objets remis en paiement à l’exclusion de :

la TVA,
	les droits d’enregistrement et de timbre fiscal,
	les frais de poste relatifs aux lettres recommandées que les huissiers notaires paient au lieu et place de leurs clients."
Les autres impôts indirects font-t-ils partie de l’assiette de la TVA ?,"L'assiette  de la TVA comprend tous les impôts et droits indirects incorporés dans la valeur  du produit vendu ou du service rendu : droits de douanes, droit de consommation, taxe professionnelle au profit du fonds de développement de  la compétitivité industrielle (FODEC) et la taxe au profit du Fonds de maîtrise de l’énergie."
Quel est le sort de la TVA relative à l’acquisition des vêtements de travail ?,Est déductible de la TVAdue sur le chiffre d’affaires la TVApayée au titre des vêtements de travail ou de protection utilisés par les employés pour les besoins  de  l’activité.
Les majorations de prix pour rapidité d'exécution font –elles partie de l’assiette de la TVA ?,"Lorsque les parties conviennent que le prix est majoré d'une prime au titre de la livraison du bien ou de l’ouvrage avant le délai contractuel, le complément du prix y afférent fait partie de  l'assiette taxable puisqu' il constitue un élément du prix global facturé, et ce que la prime soit mentionnée au contrat initial ou dans les avenants."
Régime fiscal applicable en matière de TVA aux travaux de chauffage central et sanitaires réalisés par un entrepreneur au profit d’une entreprise qui se charge d’importer ou d’acheter en son nom tout ou partie des fournitures prévues dans le contrat ?,"Conformément aux  dispositions de l’article 9 du code de la  TVA, lorsque deux entreprises sont liées par un contrat pour la réalisation d’un marché comportant fournitures d’équipements et réalisation  de  travaux et que le maître de l’ouvrage importe ou achète en son nom tout ou partie des fournitures prévues dans le contrat, la  TVA payée  par le maître de l’ouvrage ouvre droit à déduction au niveau de l’entreprise qui a réalisé l’ouvrage."
La retenue de garantie effectuée par le maître de l'ouvrage sur le coût du marché fait-t-elle partie de l’assiette de la TVA ?,"Le montant de la retenue de garantie inclu dans la facture ou le mémoire remis en contrepartie de la livraison de l'ouvrage ou des prestations fait partie de l'assiette taxable. 
Pour les opérations concernées par la retenue à la source en matière de TVA et dont le fait générateur coïncide avec l’encaissement, la retenue de garantie est soumise à la taxe sur la valeur ajoutée lors de l’encaissement."
Quelles sont les obligations des assujettis à la TVA relatives à la facturation?,Les assujettis à la TVA sont tenus :
"Quelle sont les procédures à suivre par une entreprise totalement exportatrice, pour obtenir l’exonération de la taxe unique des assurances au titre de ses contrats d’assurance ?",L’entreprise totalement exportatrice doit adresser une demande en l’objet directement au Bureau de Contrôle des Impôts de la circonscription dont elle relève.
Quelles sont les assurances obligatoires ?,"Les risques à couvrir obligatoirement sont :
• La responsabilité civile du fait de l’usage d'un véhicule terrestre à moteur et ses remorques;
• L’incendie pour les personnes exploitant une industrie, un commerce ou un établissement hôtelier.
• Le transport maritime, aérien et terrestre des marchandises à l’importation ;
• La responsabilité civile décennale des intervenants dans le domaine de la construction ;"
Est-il possible de s’assurer à l’étranger ?,"Non : En vertu de l’article 44 du code des assurances, l’assurance des résidents et des risques situés en Tunisie ne peut être souscrite qu’auprès d’une entreprise d’assurances Tunisienne et ce à l’exception de l’assurance de la responsabilité civile de l’armateur et du transporteur maritime."
"Est-il possible, pour un résident en Tunisie, de souscrire un contrat d’assurances en devises ?","Oui : En vertu de l’article 21 du code des changes et du commerce extérieur, une dérogation exceptionnelle pourrait être accordée, le cas écheant, par le Gouverneur de la Banque Centrale après avis du Ministre des Finances, pour souscrire un contrat d’assurance en devises par un assuré résident auprès d’une entreprise d’assurances résidente. La dérogation prend en consideration la nécéssité et l’opportunité de l’opérati"
Quelles sont les procédures à prendre en cas de refus d’assurance de la responsabilité d’un conducteur de véhicule terrestre à moteur ?,"Toute personne assujettie à cette obligation d'assurance, ayant sollicité la conclusion d’un nouveau contrat d’assurance ou la prorogation d’un contrat en vigueur ou sa modification ou la reprise d'effet d'un contrat d'assurance suspendu, se voit opposer un refus, peut saisir, par une lettre recommandée avec accusé de réception ou par tout autre moyen laissant une trace écrite, le Bureau Central de Tarification situé à 09 bis Rue new Delhi montplaisir Tunis1002."
"J’ai un projet dans le domaine du recyclage des déchets plastiques, puis-je avoir un quota mensuel ?","Non, il faut faire plus d’efforts pour la collecte.
            Is this answer helpful?

            
                Yes
            
            /
            
                No"
"Je suis gêné par mon voisin (menuisier, mécanicien, tôlier, marbrerie…) qui dois-je contacter ?","Vous pouvez contacter les services de la police municipale de votre commune.
            Is this answer helpful?

            
                Yes
            
            /
            
                No"
"On installe une antenne GSM sur le toit de mon voisin, qui dois-je envoyer une requête ?","Vous pouvez contacter soit la commune ou le Ministère des technologies de la communication ou encore Ministère de la santé publique.
            Is this answer helpful?

            
                Yes
            
            /
            
                No"
"Les caves sont inondées, qui dois-je informer ?","Vous pouvez informer le syndic ou contacter les services privés spécialisés.
            Is this answer helpful?

            
                Yes
            
            /
            
                No"
Je suis gêné par dépotoir qui dois-je contacter ?,"Vous devez contacter les services concernés de votre commune.
            Is this answer helpful?

            
                Yes
            
            /
            
                No"
"J’ai constaté une pollution, un délit environnemental ou une atteinte à l’environnement, qui dois-je en informer?","Selon la nature du polluant ou de l’atteinte, vous pouvez contacter l’un des numéros verts suivants:80 100 193, Office National de l'Assainissement (ONAS)80 100 304, Agence Nationale de Protection de l'Environnement (ANPE)80 100 281, Agence Nationale de Gestion des Déchets (ANGed)80 100 313, Ministère de l'Environnement et du Développement Durable (MEDD)
            Is this answer helpful?

            
                Yes
            
            /
            
                No"
Quels sont les documents exigés?,"Local à usage résidentielDemande de raccordement (formulaire à retirer auprès des services de l’ONAS).Copie de la dernière facture de consommation d’eau.Reçu de paiement des frais de réfection de la chaussée de la route (à obtenir auprès de la municipalité concernée).Permis de bâtir ou autorisation délivrée par la municipalité concernée, en cas de nécessité.Local à usage non résidentielSignature d’un cahier des charges.Constitution d’un dossier relatif au prétraitement, en cas de nécessité.Dossier sur les caractéristiques du réseau interne.
            Is this answer helpful?

            
                Yes
            
            /
            
                No"
Quels sont les délais et les étapes pour bénéficier de ce service?,"Raccordement ordinaireEtude technique : Une semainePréparation du relevé de compte : Une semaineRéalisation des travaux : Deux semainesRaccordement nécessitant une extension du réseauEtude technique : Deux semainesPréparation du relevé de compte : Une semaineRéalisation des travaux : Un à trois mois
            Is this answer helpful?

            
                Yes
            
            /
            
                No"
"Un organisme tiers, autre que l’ ONAS, peut-il procéder au raccordement de mon bien immeuble au réseau d’assainissement?","L’ ONAS peut confier la réalisation des travaux de raccordement à une entreprise agréée et sur la base d’un plan approuvé par l’Office, à condition:que cette procédure soit mentionnée dans la demande de raccordement ;que l’entreprise s’engage, par écrit, à réaliser les travaux, conformément aux spécifications techniques ;de payer les frais de contrôle des travaux, estimés à 10% du coût du raccordement, sans compter les frais d’extension du réseau et de réfection de la chaussée de la route ;de présenter un permis de bâtir.
            Is this answer helpful?

            
                Yes
            
            /
            
                No"
Puis-je raccorder ma propre canalisation d’évacuation des eaux pluviales au réseau d’assainissement?,"Non. Les eaux pluviales ne peuvent être déversées dans le réseau public d’assainissement censé recueillir exclusivement les eaux usées.
            Is this answer helpful?

            
                Yes
            
            /
            
                No"
"En cas de dysfonctionnement au niveau d’une conduite de raccordement ou d’une canalisation, qui est responsable de la réparation?","L’ONAS se charge de la réparation de ce genre de dysfonctionnement s’il s’avère que l’abonné n’y est pour rien
            Is this answer helpful?

            
                Yes
            
            /
            
                No"
L’ONAS intervient-il à l’intérieur des domaines privés?,"Non. L’ONAS n’intervient pas à l’intérieur des domaines privés. Sa mission se limite à l’entretien et à la maintenance des réseaux publics.
            Is this answer helpful?

            
                Yes
            
            /
            
                No"
Dois-je payer des frais pour le débouchage des canalisations d’assainissement?,"Ce service est gratuit pour les abonnés de l’ONAS dans les zones prises en charge par l’Office. Les travaux ne concernent que les ouvrages situés sur la voie publique
            Is this answer helpful?

            
                Yes
            
            /
            
                No"
Quelles sont les modalités de paiement des frais de branchement?,"Les frais de branchement peuvent être payés auprès de l’un des districts de l’ONAS selon deux modalités : versement immédiat, par chèque bancaire ou mandat postal, ou paiement par tranche au moyen des factures de consommation de l’eau, sur une période maximum de 8 ans, majoré d’un taux d’intérêt.La participation aux frais d’installation des réseaux :sont exonérés de cette participation, les immeubles destinés exclusivement à l’habitation de l’usager ou à celle de sa famille. Dans le cas où le raccordement nécessite une extension, les 50 premiers mètres sont à la charge de l’ONAS, le reste sera facturé à l’usager et payé selon la modalité choisie.le reste des usagers supportent la part contributive et les frais éventuels d’extension du réseau.
            Is this answer helpful?

            
                Yes
            
            /
            
                No"
"Le raccordement des biens immeubles à usage non résidentiel (usage commercial, industriel ou artisanal) est-il soumis à une autorisation préalable?","Le raccordement des biens immeubles à usage non résidentiel n’est pas soumis à une autorisation préalable mais à un régime de cahier des charges. Le propriétaire du local est tenu de signer le cahier des charges fixant les conditions et les procédés de déversement des eaux usées non ménagères, conformément aux dispositions de l’arrêté du ministre de l’environnement et de l’aménagement du territoire en date du 28 février 2002. La qualité des eaux usées devant être déversées doit être conforme aux normes tunisiennes. Aussi, le propriétaire est-il tenu, en cas de nécessité, de réaliser une unité de prétraitement. L’ONAS fixe, dans la fiche technique annexée au cahier des charges, la moyenne du débit qui ne doit pas être dépassé.
            Is this answer helpful?

            
                Yes
            
            /
            
                No"
Où peut-on déposer la demande de raccordement ONAS?,"Auprès d’un district, ou d’un centre d’exploitation.
            Is this answer helpful?

            
                Yes
            
            /
            
                No"
Quels sont les frais de branchement?,"Les frais de branchement au réseau d’assainissement sont fixés forfaitairement. 260 dinars pour les logements à usage d’habitation personnelle et de 130 dinars pour les logements sociaux. Ne sont pas inclus dans ce tarif forfaitaire, les frais de réfection de la chaussée et les redevances municipales.
            Is this answer helpful?

            
                Yes
            
            /
            
                No"
Le raccordement au réseau public d’assainissement est-il obligatoire?,"Dans les zones aménagées relevant du domaine d’intervention de l’ONAS, le raccordement au réseau public d’assainissement est obligatoire, en vertu de la loi N°41/93, si le réseau existe et s’il n’y a aucun empêchement technique.
            Is this answer helpful?

            
                Yes
            
            /
            
                No"
Dans quels cas les services sont imposables à la TVA en Tunisie?,Les services sont imposables à la TVA s’ils sont exploités ou utilisés en Tunisie nonobstant le lieu de leur réalisation.
Est-il possible pour un tunisien ayant séjourné plus de 180 jours en Tunisie de bénéficier du régime de l’importation temporaire sur un véhicule?,Non car il est considéré comme résident en Tunisie.
Je suis étranger non résident et je désire passer des vacances en Tunisie avec mon véhicule. Est-ce possible ?,Vous pouvez importer temporairement votre véhicule pour les vacances sous réserve de justifier d’un séjour à l’étranger d’une année au moins et que la durée globale de vos séjours en Tunisie au cours de la dernière année précédant votre entrée en Tunisie ne dépasse pas 180 jours.La justification de votre séjour à l’étranger s’effectue en général sur la base de votre passeport.
"Quels sont les jours fériés donnant lieu à congé au profit des personnels de l'Etat, des collectivités publiques et des établissements publics?","Les jours fériés donnant lieu à congé au profit des personnels de l'Etat, des collectivités publiques et des établissements publics à caractère administratif sont:"
Quels sont les secteurs soumis à la TVA ?,La TVA s’applique :
Comment puis‐je m'inscrire au  Programme d’Amen Social pour  bénéficier de l’allocation mensuelle  permanente et d'une carte de soin  gratuite ou d'une carte de soin à tarif  réduit ?,"Le dossier de demande d'inscription  au programme d’Amen Social doit être  déposé auprès des unités territoriales  de des directions régionales de  Promotion sociale des affaires sociales  ayant répondu aux critères    conformément au décret  gouvernemental n° 317 de 2020 du 19  mai 2020 
 
Le dossier comporte les pièces  suivantes : 
Extrait de naissance de chaque  membre de la famille
Copie de la carte nationale d'identité  pour chaque membre de la famille âgé  de plus de 18 ans 
Certificat de présence scolaire pour les  enfants qui fréquentent régulièrement  un établissement de formation  professionnelle ou à un établissement  privé d'éducation spéciale, de  formation professionnelle pour les  personnes handicapées
Attestation d'inscription pour les  étudiants 
 Copie de la carte nationale d'identité  pour les enfants mariés vivant sous le  même toit ou loin de leur foyer  familial 
Une photographie du chef de famille  et du conjoint
Une copie des dernières factures de  consommation d'eau et d'électricité
 Une copie de la carte de traitement,  le cas échéant, ""avec différents types"".
 
Et les pièces justificatives de leurs  positions selon les cas suivants :
Maladie ou invalidité : un certificat  médical pour les personnes atteintes  de maladies chroniques ou graves 
Handicap : Une copie d'une carte  d'invalidité valide
Prise en charge de l'enfant par son  beau‐parent  
Saisie ou prise en charge des  mineurs ou aux enfants sans soutien  familial Jugement de soumission ou un  certificat de caution légale 
Divorce : Une copie du jugement de  pension ou d'un certificat de  publication d'un cas de délaissement  d’enfant 
 Le décès du chef de famille : une  copie d’Acte de décès ou un rapport  de sécurité
Absence du chef de famille : une  copie d’Acte de décès ou un rapport  de sécurité 
 Emprisonnement du chef de famille :  une copie d'une peine de prison ou  une carte de visite
 Location d'un logement : Copie du  contrat de bail"
"Puis‐je récupérer une carte de soins  gratuits, ou à un tarif réduit ou une  bourse permanente ?","-Dépôt des demandes d'objection  suite au rejet du dossier pour ne pas  avoir répondu aux termes exigés du  présent décret
   vous avez également le droit de  vous opposer aux décisions du comité  technique régional dans un délai  maximum de 15 jours à compter de la   date de notification de la décision,  directement auprès des autorités  locales ou régionales compétentes.
  
La décision du comité est définitive  en cas de rejet de la demande  d'opposition, sa décision est  impérativement justifiée. 
 
Remarque : Retrait du bénéfice des  avantages du régime d’Amen social  selon le chapitre 28 dudit décret,  lorsque la personne concernée a  connaissance de données contraires à  la réalité, de dissimulation de données  ou de non‐déclaration de tout  changement de statut ayant une  incidence sur la décision d'attribuer  des prestations"
Comment puis-je m'inscrire pour une bourse d'études ou une aide scolaire ?,"Inscription dans les unités locales, y compris la référence d’examen, en déposant un dossier composé des pièces requises suivantes :
Attestation de présence ou copie de bulletin pour les élèves du primaire et du secondaire, Relevé des notes pour les étudiants
Attestation de l'inscription universitaire pour les étudiants 
Copie de la carte de soins gratuite au tarif réduit
Copie de la carte nationale d'identité du tuteur et du conjoint de l'étudiant
Copie de la carte nationale d'identité de l'étudiant et une copie de la carte nationale d'identité du tuteur et du conjoint de l'étudiant
Attestation de non-affiliation à l'une des caisses sociales pour ceux qui n'ont pas de couverture maladie
Copie de l'examen professionnel et une copie de la carte de soins de la Caisse nationale d'assurance maladie pour les familles bénéficiant de la couverture sociale"
Comment puis –je bénéficier  d’assistance en nature et financière ?,Contactez les unités locales de Promotion Sociale ou les Directions Centrales Et Régionales relevant
"Quels sont les documents nécessaires  pour obtenir une carte d'invalidité, la  renouveler ou changer de catégorie ?","Dépôt d'un dossier « carte d'invalidité  » auprès de la cellule locale de  promotion sociale, renvoi pour  examen, et conformément au chapitre  11 de l'ordonnance n° 2005‐3086 du  29 novembre 2005 relative à la  création des commissions régionales  des personnes handicapées, le dossier  se comporte des pièces suivantes :
Demande écrite au nom du ministre  chargé des affaires sociales
Copie de la carte nationale d'identité  pour les majeurs ou les adolescents et  un extrait d'acte de naissance pour les  mineurs 
Deux photos 
Un formulaire de certificat médical  pour demander une carte d'invalidité  (à retirer à la cellule locale de  promotion sociale)
Copie de carte de soins
Certificat de résidence en cas de  changement d'adresse de résidence 
En cas de perte de la carte  d'invalidité, un certificat de perte sera  fourni 
Remarque : En cas de rejet de sa demande de « carte d'invalidité », la personne concernée peut présenter de nouvelles prises en charge dans un délai maximum de deux mois à compter de la date de sa notification de la décision de rejet. Le titulaire d'une carte d'invalidité peut également demander une révision de son dossier en cas de détérioration de de sa santé justifiée par une prise en charge médicale."
"Comment puis-je bénéficier des appareils et appareils prothétiques : fauteuils roulants, lunettes, écouteurs...?","Pour les bénéficiaires du programme d’Amen Social : Soins gratuits ou à tarif réduit
Dépôt de dossier à l'unité locale comportant les documents suivants :
Demande écrite au nom du ministre chargé des affaires sociales
Une copie de la carte nationale d'identité pour les majeurs ou adolescents
Une copie de la carte de soins
Une copie d'une carte d'invalidité (retirée de l'Unité Locale de Promotion Sociale)
Attestation de présence si la personne handicapée est un(e) élève.
Trois prix estimés pour la machine requise, sauf pour les fauteuils roulants (un prix suffit)
L’étude de dossier sera traitée par le Comité Régional des personnes Handicapées
Pour les assureurs social des systèmes publics et privés
Le dossier doit être déposé à la direction régionale de la Caisse nationale d'assurance maladie, le dossier doit inclure les documents suivants :
Certificat médical précisant le type de machine requis
Une copie de la carte nationale d'identité
Une copie de la carte de soins
Une copie de la carte d'invalidité pour les personnes handicapées
Un formulaire de demande de matériel médical à retirer sur la caisse directement ou sur le site de la caisse : brc@cnam.nat.tn
Le demandeur peut contacter le numéro de téléphone : 71 952 932 - 71 104 300 - 71 104 200
Ou munissez-vous du numéro : 80100295 ou accédez au site du fond brc@cnam.nat"
Comment puis‐je bénéficier d’aide  financière pour créer un projet ?,Contactez les autorités locales et la (Délégation Gouvernorat ) ou contactez la Banque tunisienne de Solidarité
"Comment puis‐je obtenir une  autorisation individuelle ou collective  d'assembleur, de café ou de taxi?",Déposer un dossier au profit de l'Etat comme référence d'inspection régionale auprès de la Direction des Affaires Economiques et de l'Investissement
Comment puis‐je obtenir un emploi ?,"Contacter le bureau d’Emploi pour 
consulter les offres d'emploi du 
secteur privé et participer aux 
concours nationaux ouverts à cet effet"
"Comment puis‐je régler ma situation  de sécurité : régler une dette,  demander une pension, demander le  pardon de payer des fractions... ?","Soumission de demande pour les  intérêts de la Caisse Nationale de  Sécurité Sociale ou de la Caisse  Nationale des Retraites et de la  Prévoyance Sociale
Pour plus de renseignements, vous  pouvez accéder au site de la Caisse  Nationale de Sécurité Sociale :  http://www.cnss.tn  
Ou par mail : cnss.dg@cnss.nat.tn 
Ou appelez les numéros : 71849833‐  71796744 
Et sur le site de La Caisse Nationale de  Retraite et de Prévoyance Sociale :  http://www.cnrps.nat.tn 
Ou par e‐mail : jawebni@cnrps.nat.tn
Ou appelez: 71341100"
"Comment puis‐je demander une pour  obtenir une pension, demander la  prise en charge des frais de  traitement, revoir le pourcentage de  prise en charge ou demander des  médicaments privés ?","Comment puis‐je demander une pour obtenir une pension, demander la prise en charge des frais de traitement, revoir le pourcentage de prise en charge ou demander des médicaments privés ?"
Quels sont les catégories sociales  bénéficiaires des interventions de  L'Union Tunisienne de Solidarité  Sociale ?,"Dans le cadre d’interventions du 
L’Union Tunisienne de Solidarité 
Sociale, les Familles à faible revenu et 
celles qui ne sont bénéficient pas 
d’indemnité permanente octroyée par 
Le Ministère des Affaires Sociales afin 
d’éviter tout dédoublement d'aides"
Comment puis-je créer un centre d’éducation spécialisé pour les enfants handicapés (secteur privé)?,La création de centres d'éducation spécialisée est soumise à un cahier des charges et ces centres sont contrôlés par le ministère des affaires sociales
Comment puis‐je bénéficier d'un prêt  universitaire de la Caisse nationale de  sécurité sociale ?,"Tout étudiant peut bénéficier d'un 
prêt universitaire à condition qu’il soit 
enfant d'assuré social, qu’il soit inscrit 
au 1er ou au 2ème cycle dans un 
établissement public d'enseignement 
supérieur de même qu’il ne soit 
bénéficié d'une bourse universitaire 
nationale ou d'une bourse dans le 
cadre de la coopération ou d'un prêt 
universitaire accordé par l'Etat. 
En outre, il ne doive pas exercer une 
activité professionnelle rémunérée dans ce cas il pourrait bénéficier d'un 
prêt universitaire de Caisse Nationale 
de Sécurité Sociale sans dépasser le 
revenu annuel du garant"
Quelles sont les démarches   d'hébergement et d’intégration pour  handicapés dans les centres  d’hébergement du Ministère d’affaires  sociales ?,"Centre de protection d’enfance : L’hébergement se fait soit sous l'autorisation du tribunal du juge aux affaires familiales ou Le délégué à la Protection de l'Enfance des mesures urgentes soient prises par le délégué à la Protection de l'Enfance dans les cas où l’enfance est menacée
Centre de protection sociale El Amen : l’hébergement se fait t à travers l'hôpital Al‐Razi, à condition que l’enfant soit sans soutien familial
L’hébergement au Centre d'Encadrement et d'Orientation Sociale : La prise en charge se fait soit par correspondance du Département de Promotion sociale, des autorités locales, ou du commissariat de police ou de la justice."
Comment adopter ou parrainer ?,"Le dossier d'adoption ou de parrainage est déposé à l'Institut national de la protection de l'enfance ou dans les unités territoriales territorialement compétentes et comprend les pièces suivantes :
Une demande signée par le  demandeur et son conjoint
Une copie du contrat de mariage, de  l'acte de mariage, de l'acte de décès  ou une copie du jugement de divorce  si nécessaire
Acte de naissance 
Bulletin N°3  
Certificat médical de santé physique  de la prise en charge d'un enfant dans  le cadre d'une adoption
Déclaration de revenu annuelle pour  travail indépendant
Une copie de la carte nationale  d'identité 
2 photos 
Pour plus de renseignements, vous  pouvez accéder au site Web de  l'Institut : http://www.inpe.tn 
Ou par mail  : mailinpe@topnet.tn
Ou appelez: 71606639"
Porter des plaintes sur la violence à la  lutte contre les Violences faites aux  Femmes ?,"Contactez les services spécialisés à la Lutte contre la violence à l’Egard des Femmes auprès du Ministère de la Famille, de la Femme, de l'Enfance et des Personnes âgées ou Appelez‐le Numéro Vert : 8010010"
"Comment puis‐je régler ma situation  professionnelle, comme la demande  d’attestation de travail ou les conflits  du travail... ?",Contactez le département de La Direction de l'inspection médicale et de la sécurité au travail le plus proche de votre lieu du travail
"Comment puis-je créer une source de revenu, Quelle sont les documents demandés ?","Contactez l'unité Locale la plus proche de votre domicile, conformément au décret N° 3086 de 2005, Le Comité régional des droits des personnes handicapées examine
le dossier de la personne handicapée qui veut créer une source de revenu de lors prend une décision selon les avantages et privilèges justifiant l’habilité, y compris, les besoins du handicap et de la situation économique et sociale  
Les documents requis :
Demande écrite au nom du ministre chargé des affaires sociales
Copie de la carte d'identité nationale de la personne concernée
Copie de la carte de soins
Copie de la carte d'invalidité
Certificat d’attestation de qualification professionnelle si disponible 
Attestation de cession d'un fonds commerce par propriété ou location
Certificat de Conformité des locaux
Trois devis estimatifs pour toutes les acquisitions liées à la réalisation de projet"
